URL,Version,Status,OIDs,Name,Title,Description,Used
http://smart.who.int/trust-phw/CodeSystem/DVCRelationshipStatus,0.1.0,active,,DVCRelationshipStatus,Relationship Status for Contact in Patient,"Relationship Status for Contact in Patient",
http://smart.who.int/trust-phw/CodeSystem/DisclosureStatements,0.1.0,active,,DisclosureStatements,Disclosure Statements,"Disclosure Statement Code System",
http://smart.who.int/trust-phw/CodeSystem/DocumentationSections,0.1.0,active,,DocumentationSections,Smart Guidelines Documentation Section,"CodeSystem for Smart Guidelines Documentation Section to autogenerate documentation from artifacts",
http://smart.who.int/trust-phw/CodeSystem/HL.TYPE,0.1.0,active,,HL_TYPE,HL Type CodeSystem,"CodeSystem for Health Link Type that has codes classifying type of Smart Health Link",
