"Id","Path","Slice Name","Alias(s)","Label","Min","Max","Must Support?","Is Modifier?","Is Summary?","Type(s)","Short","Definition","Comments","Requirements","Default Value","Meaning When Missing","Fixed Value","Pattern","Example","Minimum Value","Maximum Value","Maximum Length","Binding Strength","Binding Description","Binding Value Set","Code","Slicing Discriminator","Slicing Description","Slicing Ordered","Slicing Rules","Base Path","Base Min","Base Max","Condition(s)","Constraint(s)"
"DVCMinVaccineDetailsPreQual","DVCMinVaccineDetailsPreQual","","","",0,*,"","","","null {[]} {[]}
","DVC HCERT Payload for PreQual DB","DVC payload for a minimal DVC for use within an HCERT Payload using the WHO PreQual Vaccine Database","","","","","","","","","",,,,,"",,,,"Base",0,*,"",""
"DVCMinVaccineDetailsPreQual.vp","DVCMinVaccineDetailsPreQual.vp","","","",1,1,"","","","string {[]} {[]}
","ICVP Product Catalog ID","ICVP Product Catalog ID","","","","","","","","","",,"required","","http://smart.who.int/pcmt-vaxprequal/ValueSet/PreQualProductIds","",,,,"DVCMinVaccineDetails.vp",1,1,"",""
"DVCMinVaccineDetailsPreQual.dt","DVCMinVaccineDetailsPreQual.dt","","","",1,1,"","","","date {[]} {[]}
","Date of vaccination, YYYY-MM-DD format","Date of vaccination, YYYY-MM-DD format","","","","","","","","","",,,,,"",,,,"DVCMinVaccineDetails.dt",1,1,"",""
"DVCMinVaccineDetailsPreQual.cn","DVCMinVaccineDetailsPreQual.cn","","","",0,1,"","","","string {[]} {[]}
","Name of supervising clinician","Name of supervising clinician","","","","","","","","","",,,,,"",,,,"DVCMinVaccineDetails.cn",0,1,"",""
"DVCMinVaccineDetailsPreQual.is","DVCMinVaccineDetailsPreQual.is","","","",0,1,"","","","id {[]} {[]}
","Certificate issuer id (referenced organization)","Certificate issuer id (referenced organization)","","","","","","","","","",,,,,"",,,,"DVCMinVaccineDetails.is",0,1,"",""
"DVCMinVaccineDetailsPreQual.bo","DVCMinVaccineDetailsPreQual.bo","","","",1,1,"","","","string {[]} {[]}
","Batch No","Batch No","","","","","","","","","",,,,,"",,,,"DVCMinVaccineDetails.bo",1,1,"",""
"DVCMinVaccineDetailsPreQual.vls","DVCMinVaccineDetailsPreQual.vls","","","",0,1,"","","","date {[]} {[]}
","Certificate Validity periods start date","Certificate Validity periods start date","","","","","","","","","",,,,,"",,,,"DVCMinVaccineDetails.vls",0,1,"",""
"DVCMinVaccineDetailsPreQual.vle","DVCMinVaccineDetailsPreQual.vle","","","",0,1,"","","","date {[]} {[]}
","Certificate Validity periods end date","Certificate Validity periods end date","","","","","","","","","",,,,,"",,,,"DVCMinVaccineDetails.vle",0,1,"",""
