"Id","Path","Slice Name","Alias(s)","Label","Min","Max","Must Support?","Is Modifier?","Is Summary?","Type(s)","Short","Definition","Comments","Requirements","Default Value","Meaning When Missing","Fixed Value","Pattern","Example","Minimum Value","Maximum Value","Maximum Length","Binding Strength","Binding Description","Binding Value Set","Code","Slicing Discriminator","Slicing Description","Slicing Ordered","Slicing Rules","Base Path","Base Min","Base Max","Condition(s)","Constraint(s)"
"DVCMinVaccineDetails","DVCMinVaccineDetails","","","",0,*,"","","","null {[]} {[]}
","DVC HCert Vaccine Details (Minimal)","DVC Vaccine Details for a ininmial DVC payload for use within an HCERT Payload","","","","","","","","","",,,,,"",,,,"Base",0,*,"",""
"DVCMinVaccineDetails.vp","DVCMinVaccineDetails.vp","","","",1,1,"","","","string {[]} {[]}
","ICVP Product Catalog ID","ICVP Product Catalog ID","","","","","","","","","",,,,,"",,,,"DVCMinVaccineDetails.vp",1,1,"",""
"DVCMinVaccineDetails.dt","DVCMinVaccineDetails.dt","","","",1,1,"","","","date {[]} {[]}
","Date of vaccination, YYYY-MM-DD format","Date of vaccination, YYYY-MM-DD format","","","","","","","","","",,,,,"",,,,"DVCMinVaccineDetails.dt",1,1,"",""
"DVCMinVaccineDetails.cn","DVCMinVaccineDetails.cn","","","",0,1,"","","","string {[]} {[]}
","Name of supervising clinician","Name of supervising clinician","","","","","","","","","",,,,,"",,,,"DVCMinVaccineDetails.cn",0,1,"",""
"DVCMinVaccineDetails.is","DVCMinVaccineDetails.is","","","",0,1,"","","","id {[]} {[]}
","Certificate issuer id (referenced organization)","Certificate issuer id (referenced organization)","","","","","","","","","",,,,,"",,,,"DVCMinVaccineDetails.is",0,1,"",""
"DVCMinVaccineDetails.bo","DVCMinVaccineDetails.bo","","","",1,1,"","","","string {[]} {[]}
","Batch No","Batch No","","","","","","","","","",,,,,"",,,,"DVCMinVaccineDetails.bo",1,1,"",""
"DVCMinVaccineDetails.vls","DVCMinVaccineDetails.vls","","","",0,1,"","","","date {[]} {[]}
","Certificate Validity periods start date","Certificate Validity periods start date","","","","","","","","","",,,,,"",,,,"DVCMinVaccineDetails.vls",0,1,"",""
"DVCMinVaccineDetails.vle","DVCMinVaccineDetails.vle","","","",0,1,"","","","date {[]} {[]}
","Certificate Validity periods end date","Certificate Validity periods end date","","","","","","","","","",,,,,"",,,,"DVCMinVaccineDetails.vle",0,1,"",""
