URL,Version,Status,OIDs,Name,Title,Descriptino,Uses,Used,Sources
http://smart.who.int/pcmt-vaxprequal/ValueSet/PreQualProductIds,0.2.0,draft,,PreQualProductIds,WHO PreQualificaiton Vaccine Product Ids,"WHO PreQualificaiton Vaccine Product Ids","StructureDefinition/DVCMinVaccineDetailsPreQual","smart.who.int.pcmt-vaxprequal"
http://smart.who.int/trust-phw/ValueSet/DVCRelationshipStatus,0.1.0,active,,DVCRelationshipStatus,Relationship Status for Contact in Patient,"Relationship Status for Contact in Patient","StructureDefinition/DVCPatient","Internal"
http://smart.who.int/trust-phw/ValueSet/DVCVaccines,0.1.0,active,,DVCVaccines,DVC - Vaccines,"This value set includes codes from ICD",,"hl7.terminology.r5"
http://smart.who.int/trust-phw/ValueSet/DisclosureStatements,0.1.0,active,,DisclosureStatements,Disclosure Statements,"Disclosure Statements value set",,"Internal"
http://smart.who.int/trust-phw/ValueSet/HL.TYPE,0.1.0,active,,HL_TYPE,HL.TYPE ValueSet ,"ValueSet of HL Type Codes","StructureDefinition/VerifiableHealthLinkPayload","Internal"
http://terminology.hl7.org/ValueSet/v2-0001,2.0.0,active,"2.16.840.1.113883.21.2",Hl7VSAdministrativeSex,hl7VS-administrativeSex,"Concepts specifying a patient's sex for administrative purposes.","Questionnaire/PreQual","THO (V2)"
http://terminology.hl7.org/ValueSet/v2-0203,2.0.0,active,"2.16.840.1.113883.21.120",Hl7VSIdentifierType,hl7VS-identifierType,"Concepts specifying types of identififiers, as used in person and organization identification datatypes in HL7 Version 2 standards.","StructureDefinition/DVC,Questionnaire/PreQual,StructureDefinition/DVCMin","THO (V2)"
http://terminology.hl7.org/ValueSet/v3-Country,3.0.0,active,"2.16.840.1.113883.1.11.171",Country,Country,"Countries of the world. ISO 3166, part 1, alpha-3 set.","Questionnaire/PreQual","hl7.terminology.r5"
